<?xml version="1.0" encoding="UTF-8"?>
<project-private xmlns="http://www.netbeans.org/ns/project-private/1">
    <editor-bookmarks xmlns="http://www.netbeans.org/ns/editor-bookmarks/2" lastBookmarkId="0"/>
    <open-files xmlns="http://www.netbeans.org/ns/projectui-open-files/2">
        <group>
            <file>file:/C:/Users/DELL/Documents/NetBeansProjects/SMD%20First%20Assignment/src/SMD_First_Assignment/Dog.java</file>
            <file>file:/C:/Users/DELL/Documents/NetBeansProjects/SMD%20First%20Assignment/src/SMD_First_Assignment/German_Shepard.java</file>
            <file>file:/C:/Users/DELL/Documents/NetBeansProjects/SMD%20First%20Assignment/src/SMD_First_Assignment/Animal.java</file>
            <file>file:/C:/Users/DELL/Documents/NetBeansProjects/SMD%20First%20Assignment/src/SMD_First_Assignment/Main_method.java</file>
            <file>file:/C:/Users/DELL/Documents/NetBeansProjects/SMD%20First%20Assignment/src/SMD_First_Assignment/Mammal.java</file>
        </group>
    </open-files>
</project-private>
